"Category","Preset","CalculatorCode","Interfaces","WriteTargets","ReadTargets","RelevantPhase","Source","Evidence","LiveVerified"
"Autopilot","INI320_FCU_ALTITUDE_DIAL_DN","1 (>L:INI_ALTITUDE_DIAL_DN_COMMAND)","LVar","L:INI_ALTITUDE_DIAL_DN_COMMAND","","Cockpit Preparation / Flight","MobiFlight HubHop export supplied in docs/events.txt","Documented preset","No"
"Autopilot","INI320_FCU_ALTITUDE_DIAL_UP","1 (>L:INI_ALTITUDE_DIAL_UP_COMMAND)","LVar","L:INI_ALTITUDE_DIAL_UP_COMMAND","","Cockpit Preparation / Flight","MobiFlight HubHop export supplied in docs/events.txt","Documented preset","No"
"Autopilot","INI320_FCU_ALTITUDE_PULL","1 (>L:INI_FCU_ALTITUDE_PULL_COMMAND)","LVar","L:INI_FCU_ALTITUDE_PULL_COMMAND","","Cockpit Preparation / Flight","MobiFlight HubHop export supplied in docs/events.txt","Documented preset","No"
"Autopilot","INI320_FCU_ALTITUDE_PUSH","1 (>L:INI_FCU_ALTITUDE_PUSH_COMMAND)","LVar","L:INI_FCU_ALTITUDE_PUSH_COMMAND","","Cockpit Preparation / Flight","MobiFlight HubHop export supplied in docs/events.txt","Documented preset","No"
"Autopilot","INI320_FCU_ALTITUDE_SCALE_TOGGLE","(L:INI_ALTITUDE_STATE) ! (>L:INI_FCU_ALTITUDE_MODE_COMMAND)","LVar","L:INI_FCU_ALTITUDE_MODE_COMMAND","L:INI_ALTITUDE_STATE","Cockpit Preparation / Flight","MobiFlight HubHop export supplied in docs/events.txt","Documented preset","No"
"Autopilot","INI320_FCU_AP1_PUSH","1 (>L:INI_AP1_BUTTON)","LVar","L:INI_AP1_BUTTON","","Cockpit Preparation / Flight","MobiFlight HubHop export supplied in docs/events.txt","Documented preset","No"
"Autopilot","INI320_FCU_AP2_PUSH","1 (>L:INI_AP2_BUTTON)","LVar","L:INI_AP2_BUTTON","","Cockpit Preparation / Flight","MobiFlight HubHop export supplied in docs/events.txt","Documented preset","No"
"Autopilot","INI320_FCU_APPR_PUSH","1 (>L:AP7_BUTTON)","LVar","L:AP7_BUTTON","","Cockpit Preparation / Flight","MobiFlight HubHop export supplied in docs/events.txt","Documented preset","No"
"Autopilot","INI320_FCU_ATHR_PUSH","1 (>L:AP8_BUTTON)","LVar","L:AP8_BUTTON","","Cockpit Preparation / Flight","MobiFlight HubHop export supplied in docs/events.txt","Documented preset","No"
"Autopilot","INI320_FCU_EXPED_PUSH","1 (>L:A320_FCU_EXPEDITE_COMMAND)","LVar","L:A320_FCU_EXPEDITE_COMMAND","","Cockpit Preparation / Flight","MobiFlight HubHop export supplied in docs/events.txt","Documented preset","No"
"Autopilot","INI320_FCU_HEADING_DIAL_DN","1 (>L:INI_HEADING_DIAL_DN_COMMAND)","LVar","L:INI_HEADING_DIAL_DN_COMMAND","","Cockpit Preparation / Flight","MobiFlight HubHop export supplied in docs/events.txt","Documented preset","No"
"Autopilot","INI320_FCU_HEADING_DIAL_UP","1 (>L:INI_HEADING_DIAL_UP_COMMAND)","LVar","L:INI_HEADING_DIAL_UP_COMMAND","","Cockpit Preparation / Flight","MobiFlight HubHop export supplied in docs/events.txt","Documented preset","No"
"Autopilot","INI320_FCU_HEADING_PULL","1 (>L:INI_FCU_SELECTED_HEADING_BUTTON)","LVar","L:INI_FCU_SELECTED_HEADING_BUTTON","","Cockpit Preparation / Flight","MobiFlight HubHop export supplied in docs/events.txt","Documented preset","No"
"Autopilot","INI320_FCU_HEADING_PUSH","1 (>L:INI_FCU_MANAGED_HEADING_BUTTON)","LVar","L:INI_FCU_MANAGED_HEADING_BUTTON","","Cockpit Preparation / Flight","MobiFlight HubHop export supplied in docs/events.txt","Documented preset","No"
"Autopilot","INI320_FCU_LOC_PUSH","1 (>L:AP6_BUTTON)","LVar","L:AP6_BUTTON","","Cockpit Preparation / Flight","MobiFlight HubHop export supplied in docs/events.txt","Documented preset","No"
"Autopilot","INI320_FCU_METRIC_ALT_PUSH","(L:INI_FCU_METRIC_STATE) ! (>L:INI_FCU_METRIC_STATE)","LVar","L:INI_FCU_METRIC_STATE","L:INI_FCU_METRIC_STATE","Cockpit Preparation / Flight","MobiFlight HubHop export supplied in docs/events.txt","Documented preset","No"
"Autopilot","INI320_FCU_SPD_MACH_PUSH","1 (>L:INI_SPD_MACH_BUTTON)","LVar","L:INI_SPD_MACH_BUTTON","","Cockpit Preparation / Flight","MobiFlight HubHop export supplied in docs/events.txt","Documented preset","No"
"Autopilot","INI320_FCU_SPEED_DIAL_DN","1 (>L:INI_AIRSPEED_DIAL_DN_COMMAND)","LVar","L:INI_AIRSPEED_DIAL_DN_COMMAND","","Cockpit Preparation / Flight","MobiFlight HubHop export supplied in docs/events.txt","Documented preset","No"
"Autopilot","INI320_FCU_SPEED_DIAL_UP","1 (>L:INI_AIRSPEED_DIAL_UP_COMMAND)","LVar","L:INI_AIRSPEED_DIAL_UP_COMMAND","","Cockpit Preparation / Flight","MobiFlight HubHop export supplied in docs/events.txt","Documented preset","No"
"Autopilot","INI320_FCU_SPEED_PULL","1 (>L:INI_FCU_SELECTED_SPEED_BUTTON)","LVar","L:INI_FCU_SELECTED_SPEED_BUTTON","","Cockpit Preparation / Flight","MobiFlight HubHop export supplied in docs/events.txt","Documented preset","No"
"Autopilot","INI320_FCU_SPEED_PUSH","1 (>L:INI_FCU_MANAGED_SPEED_BUTTON)","LVar","L:INI_FCU_MANAGED_SPEED_BUTTON","","Cockpit Preparation / Flight","MobiFlight HubHop export supplied in docs/events.txt","Documented preset","No"
"Autopilot","INI320_FCU_TRK_FPA_PUSH","1 (>L:INI_FCU_HDG_VS_COMMAND)","LVar","L:INI_FCU_HDG_VS_COMMAND","","Cockpit Preparation / Flight","MobiFlight HubHop export supplied in docs/events.txt","Documented preset","No"
"Autopilot","INI320_FCU_VS_DIAL_DN","1 (>L:INI_VVI_DIAL_DN_COMMAND)","LVar","L:INI_VVI_DIAL_DN_COMMAND","","Cockpit Preparation / Flight","MobiFlight HubHop export supplied in docs/events.txt","Documented preset","No"
"Autopilot","INI320_FCU_VS_DIAL_UP","1 (>L:INI_VVI_DIAL_UP_COMMAND)","LVar","L:INI_VVI_DIAL_UP_COMMAND","","Cockpit Preparation / Flight","MobiFlight HubHop export supplied in docs/events.txt","Documented preset","No"
"Autopilot","INI320_FCU_VS_PULL","1 (>L:AP9_BUTTON)","LVar","L:AP9_BUTTON","","Cockpit Preparation / Flight","MobiFlight HubHop export supplied in docs/events.txt","Documented preset","No"
"Autopilot","INI320_FCU_VS_PUSH","1 (>L:INI_FCU_PUSH_COMMAND)","LVar","L:INI_FCU_PUSH_COMMAND","","Cockpit Preparation / Flight","MobiFlight HubHop export supplied in docs/events.txt","Documented preset","No"
"Autopilot","INI320_SIDESTICK_AP_DISCONNECT_PUSH","(>K:AUTOPILOT_OFF)","KEvent","K:AUTOPILOT_OFF","","Cockpit Preparation / Flight","MobiFlight HubHop export supplied in docs/events.txt","Documented preset","No"
"BRAKES","INI320_BRAKES_AUTOBRAKES_DECREASE","(L:INI_AUTOBRAKE_LEVEL) -- 0 max 3 min (>L:INI_AUTOBRAKE_LEVEL)","LVar","L:INI_AUTOBRAKE_LEVEL","L:INI_AUTOBRAKE_LEVEL","Before Start / Taxi","MobiFlight HubHop export supplied in docs/events.txt","Documented preset","No"
"BRAKES","INI320_BRAKES_AUTOBRAKES_INCREASE","(L:INI_AUTOBRAKE_LEVEL) ++ 0 max 3 min (>L:INI_AUTOBRAKE_LEVEL)","LVar","L:INI_AUTOBRAKE_LEVEL","L:INI_AUTOBRAKE_LEVEL","Before Start / Taxi","MobiFlight HubHop export supplied in docs/events.txt","Documented preset","No"
"BRAKES","INI320_BRAKES_AUTOBRAKES_LOW","1 (>L:INI_AUTOBRAKE_LEVEL)","LVar","L:INI_AUTOBRAKE_LEVEL","","Before Start / Taxi","MobiFlight HubHop export supplied in docs/events.txt","Documented preset","No"
"BRAKES","INI320_BRAKES_AUTOBRAKES_MAX","3 (>L:INI_AUTOBRAKE_LEVEL)","LVar","L:INI_AUTOBRAKE_LEVEL","","Before Start / Taxi","MobiFlight HubHop export supplied in docs/events.txt","Documented preset","No"
"BRAKES","INI320_BRAKES_AUTOBRAKES_MED","2 (>L:INI_AUTOBRAKE_LEVEL)","LVar","L:INI_AUTOBRAKE_LEVEL","","Before Start / Taxi","MobiFlight HubHop export supplied in docs/events.txt","Documented preset","No"
"BRAKES","INI320_BRAKES_AUTOBRAKES_OFF","0 (>L:INI_AUTOBRAKE_LEVEL)","LVar","L:INI_AUTOBRAKE_LEVEL","","Before Start / Taxi","MobiFlight HubHop export supplied in docs/events.txt","Documented preset","No"
"BRAKES","INI320_SPOILERS_ARMED_TOGGLE","(L:INI_SPOILERS_ARMED) ! (>L:INI_SPOILERS_ARMED)","LVar","L:INI_SPOILERS_ARMED","L:INI_SPOILERS_ARMED","Before Start / Taxi","MobiFlight HubHop export supplied in docs/events.txt","Documented preset","No"
"Brakes","INI320_SPEED_BRAKE_LEVER_DOWN","(L:MySpoilersPos) ++ 0 max 5 min s0 (>L:MySpoilersPos) l0 0 == if{ 0 (>K:SPOILERS_SET) (>K:SPOILERS_ARM_ON) quit } l0 1 == if{ 0 (>K:SPOILERS_SET) (>K:SPOILERS_ARM_OFF) quit } l0 -- 4096 * (>K:SPOILERS_SET)","LVar+KEvent","L:MySpoilersPos;K:SPOILERS_SET;K:SPOILERS_ARM_ON;K:SPOILERS_ARM_OFF","L:MySpoilersPos","Before Start / Taxi","MobiFlight HubHop export supplied in docs/events.txt","Documented preset","No"
"Brakes","INI320_SPEED_BRAKE_LEVER_UP","(L:MySpoilersPos) -- 0 max 5 min s0 (>L:MySpoilersPos) l0 0 == if{ 0 (>K:SPOILERS_SET) (>K:SPOILERS_ARM_ON) quit } l0 1 == if{ 0 (>K:SPOILERS_SET) (>K:SPOILERS_ARM_OFF) quit } l0 -- 4096 * (>K:SPOILERS_SET)","LVar+KEvent","L:MySpoilersPos;K:SPOILERS_SET;K:SPOILERS_ARM_ON;K:SPOILERS_ARM_OFF","L:MySpoilersPos","Before Start / Taxi","MobiFlight HubHop export supplied in docs/events.txt","Documented preset","No"
"ECAM","INI320_ECAM_ALL_PUSH","1 (>L:PUSH_ECAM_ALL)","LVar","L:PUSH_ECAM_ALL","","Other","MobiFlight HubHop export supplied in docs/events.txt","Documented preset","No"
"ECAM","INI320_ECAM_APU_PUSH","8 (>L:INI_ECAM_ACTIVE_PAGE)","LVar","L:INI_ECAM_ACTIVE_PAGE","","Before Start / Engine Start","MobiFlight HubHop export supplied in docs/events.txt","Documented preset","No"
"ECAM","INI320_ECAM_BLEED_PUSH","1 (>L:PUSH_ECAM_BLEED)","LVar","L:PUSH_ECAM_BLEED","","Other","MobiFlight HubHop export supplied in docs/events.txt","Documented preset","No"
"ECAM","INI320_ECAM_CLR_PUSH","5 (>L:PUSH_ECAM_CLR) 1 (>L:ECAM_CURRENT_STATUS)","LVar","L:PUSH_ECAM_CLR;L:ECAM_CURRENT_STATUS","","Other","MobiFlight HubHop export supplied in docs/events.txt","Documented preset","No"
"ECAM","INI320_ECAM_COND_PUSH","1 (>L:PUSH_ECAM_COND)","LVar","L:PUSH_ECAM_COND","","Other","MobiFlight HubHop export supplied in docs/events.txt","Documented preset","No"
"ECAM","INI320_ECAM_CRUISE_PUSH","12 (>L:INI_ECAM_ACTIVE_PAGE)","LVar","L:INI_ECAM_ACTIVE_PAGE","","Other","MobiFlight HubHop export supplied in docs/events.txt","Documented preset","No"
"ECAM","INI320_ECAM_DOOR_PUSH","1 (>L:PUSH_ECAM_DOOR)","LVar","L:PUSH_ECAM_DOOR","","Before Start / Engine Start","MobiFlight HubHop export supplied in docs/events.txt","Documented preset","No"
"ECAM","INI320_ECAM_ELEC_PUSH","1 (>L:PUSH_ECAM_ELEC_AC)","LVar","L:PUSH_ECAM_ELEC_AC","","Other","MobiFlight HubHop export supplied in docs/events.txt","Documented preset","No"
"ECAM","INI320_ECAM_ENG_PUSH","1 (>L:PUSH_ECAM_ENG)","LVar","L:PUSH_ECAM_ENG","","Other","MobiFlight HubHop export supplied in docs/events.txt","Documented preset","No"
"ECAM","INI320_ECAM_FCTL_PUSH","1 (>L:PUSH_ECAM_FCTL)","LVar","L:PUSH_ECAM_FCTL","","Other","MobiFlight HubHop export supplied in docs/events.txt","Documented preset","No"
"ECAM","INI320_ECAM_FUEL_PUSH","1 (>L:PUSH_ECAM_FUEL)","LVar","L:PUSH_ECAM_FUEL","","Before Start / Engine Start","MobiFlight HubHop export supplied in docs/events.txt","Documented preset","No"
"ECAM","INI320_ECAM_HYD_PUSH","1 (>L:PUSH_ECAM_HYD)","LVar","L:PUSH_ECAM_HYD","","Other","MobiFlight HubHop export supplied in docs/events.txt","Documented preset","No"
"ECAM","INI320_ECAM_PRESS_PUSH","1 (>L:PUSH_ECAM_PRESS)","LVar","L:PUSH_ECAM_PRESS","","Other","MobiFlight HubHop export supplied in docs/events.txt","Documented preset","No"
"ECAM","INI320_ECAM_RCL_PUSH","1 (>L:PUSH_ECAM_RCL)","LVar","L:PUSH_ECAM_RCL","","Other","MobiFlight HubHop export supplied in docs/events.txt","Documented preset","No"
"ECAM","INI320_ECAM_STS_PUSH","1 (>L:PUSH_ECAM_STS)","LVar","L:PUSH_ECAM_STS","","Other","MobiFlight HubHop export supplied in docs/events.txt","Documented preset","No"
"ECAM","INI320_ECAM_TO_CONFIG_PUSH","1 (>L:PUSH_ECAM_TOCONFIG)","LVar","L:PUSH_ECAM_TOCONFIG","","Other","MobiFlight HubHop export supplied in docs/events.txt","Documented preset","No"
"ECAM","INI320_ECAM_WHEEL_PUSH","1 (>L:PUSH_ECAM_WHEEL)","LVar","L:PUSH_ECAM_WHEEL","","Other","MobiFlight HubHop export supplied in docs/events.txt","Documented preset","No"
"EFIS","EFIS_captain_ARPT_button_pressed","1 (>L:INI_EFIS_CPT_ARPT_BUTTON)","LVar","L:INI_EFIS_CPT_ARPT_BUTTON","","Cockpit Preparation / Flight","MobiFlight HubHop export supplied in docs/events.txt","Documented preset","No"
"EFIS","EFIS_RANGE_CAPT_10","(L:INI_map_range_capt_switch) 0 (>L:INI_map_range_capt_switch)","LVar","L:INI_map_range_capt_switch","L:INI_map_range_capt_switch","Cockpit Preparation / Flight","MobiFlight HubHop export supplied in docs/events.txt","Documented preset","No"
"EFIS","EFIS_RANGE_CAPT_160","(L:INI_map_range_capt_switch) 4 (>L:INI_map_range_capt_switch)","LVar","L:INI_map_range_capt_switch","L:INI_map_range_capt_switch","Cockpit Preparation / Flight","MobiFlight HubHop export supplied in docs/events.txt","Documented preset","No"
"EFIS","EFIS_RANGE_CAPT_20","(L:INI_map_range_capt_switch) 1 (>L:INI_map_range_capt_switch)","LVar","L:INI_map_range_capt_switch","L:INI_map_range_capt_switch","Cockpit Preparation / Flight","MobiFlight HubHop export supplied in docs/events.txt","Documented preset","No"
"EFIS","EFIS_RANGE_CAPT_320","(L:INI_map_range_capt_switch) 5 (>L:INI_map_range_capt_switch)","LVar","L:INI_map_range_capt_switch","L:INI_map_range_capt_switch","Cockpit Preparation / Flight","MobiFlight HubHop export supplied in docs/events.txt","Documented preset","No"
"EFIS","EFIS_RANGE_CAPT_40","(L:INI_map_range_capt_switch) 2 (>L:INI_map_range_capt_switch)","LVar","L:INI_map_range_capt_switch","L:INI_map_range_capt_switch","Cockpit Preparation / Flight","MobiFlight HubHop export supplied in docs/events.txt","Documented preset","No"
"EFIS","EFIS_RANGE_CAPT_80","(L:INI_map_range_capt_switch) 3 (>L:INI_map_range_capt_switch)","LVar","L:INI_map_range_capt_switch","L:INI_map_range_capt_switch","Cockpit Preparation / Flight","MobiFlight HubHop export supplied in docs/events.txt","Documented preset","No"
"EFIS","INI320_EFIS_ALTIMETER_CPT_PULL_COMMAND","1 (>L:INI_1_ALTIMETER_PULL_COMMAND)","LVar","L:INI_1_ALTIMETER_PULL_COMMAND","","Cockpit Preparation / Flight","MobiFlight HubHop export supplied in docs/events.txt","Documented preset","No"
"EFIS","INI320_EFIS_ALTIMETER_CPT_PUSH_COMMAND","1 (>L:INI_1_ALTIMETER_PUSH_COMMAND)","LVar","L:INI_1_ALTIMETER_PUSH_COMMAND","","Cockpit Preparation / Flight","MobiFlight HubHop export supplied in docs/events.txt","Documented preset","No"
"EFIS","INI320_EFIS_ADF1_CAPT_ADF","0 (>L:INI_VOR_ADF1_CAPT_STATE)","LVar","L:INI_VOR_ADF1_CAPT_STATE","","Cockpit Preparation / Flight","MobiFlight HubHop export supplied in docs/events.txt","Documented preset","No"
"EFIS","INI320_EFIS_ADF1_CAPT_VOR","2 (>L:INI_VOR_ADF1_CAPT_STATE)","LVar","L:INI_VOR_ADF1_CAPT_STATE","","Cockpit Preparation / Flight","MobiFlight HubHop export supplied in docs/events.txt","Documented preset","No"
"EFIS","INI320_EFIS_ADF2_CAPT_ADF","0 (>L:INI_VOR_ADF2_CAPT_STATE)","LVar","L:INI_VOR_ADF2_CAPT_STATE","","Cockpit Preparation / Flight","MobiFlight HubHop export supplied in docs/events.txt","Documented preset","No"
"EFIS","INI320_EFIS_ADF2_CAPT_VOR","2 (>L:INI_VOR_ADF2_CAPT_STATE)","LVar","L:INI_VOR_ADF2_CAPT_STATE","","Cockpit Preparation / Flight","MobiFlight HubHop export supplied in docs/events.txt","Documented preset","No"
"EFIS","INI320_EFIS_ARPT_CAPT_BUTTON","1 (>L:INI_EFIS_CPT_ARPT_BUTTON)","LVar","L:INI_EFIS_CPT_ARPT_BUTTON","","Cockpit Preparation / Flight","MobiFlight HubHop export supplied in docs/events.txt","Documented preset","No"
"EFIS","INI320_EFIS_BARO_CPT_DECR","(L:XMLVAR_Baro1_Mode) 2 != (L:XMLVAR_Baro1_Mode) 3 != and if{ (L:XMLVAR_Baro_Selector_HPA_1) if{ 1 (A:KOHLSMAN SETTING MB:1, mbars) -- 16 * (>K:2:KOHLSMAN_SET) } els{ 1 (>K:KOHLSMAN_DEC) } }","KEvent+SimVarRead","K:2:KOHLSMAN_SET;K:KOHLSMAN_DEC","L:XMLVAR_Baro1_Mode;L:XMLVAR_Baro_Selector_HPA_1;A:KOHLSMAN SETTING MB:1","Cockpit Preparation / Flight","MobiFlight HubHop export supplied in docs/events.txt","Documented preset","No"
"EFIS","INI320_EFIS_BARO_CPT_INCR","(L:XMLVAR_Baro1_Mode) 2 != (L:XMLVAR_Baro1_Mode) 3 != and if{ (L:XMLVAR_Baro_Selector_HPA_1) if{ 1 (A:KOHLSMAN SETTING MB:1, mbars) ++ 16 * (>K:2:KOHLSMAN_SET) } els{ 1 (>K:KOHLSMAN_INC) } }","KEvent+SimVarRead","K:2:KOHLSMAN_SET;K:KOHLSMAN_INC","L:XMLVAR_Baro1_Mode;L:XMLVAR_Baro_Selector_HPA_1;A:KOHLSMAN SETTING MB:1","Cockpit Preparation / Flight","MobiFlight HubHop export supplied in docs/events.txt","Documented preset","No"
"EFIS","INI320_EFIS_BARO_UNIT_SELECTOR_CPT_Toggle","(L:XMLVAR_Baro_Selector_HPA_1, Bool) ! (>L:XMLVAR_Baro_Selector_HPA_1)","LVar","L:XMLVAR_Baro_Selector_HPA_1","L:XMLVAR_Baro_Selector_HPA_1","Cockpit Preparation / Flight","MobiFlight HubHop export supplied in docs/events.txt","Documented preset","No"
"EFIS","INI320_EFIS_BARO_UNIT_SELECTOR_CPT_hPa","1 (>L:XMLVAR_Baro_Selector_HPA_1)","LVar","L:XMLVAR_Baro_Selector_HPA_1","","Cockpit Preparation / Flight","MobiFlight HubHop export supplied in docs/events.txt","Documented preset","No"
"EFIS","INI320_EFIS_BARO_UNIT_SELECTOR_CPT_in_Hg","0 (>L:XMLVAR_Baro_Selector_HPA_1)","LVar","L:XMLVAR_Baro_Selector_HPA_1","","Cockpit Preparation / Flight","MobiFlight HubHop export supplied in docs/events.txt","Documented preset","No"
"EFIS","INI320_EFIS_CSTR_CPT_BUTTON","1 (>L:INI_EFIS_CPT_CSTR_BUTTON)","LVar","L:INI_EFIS_CPT_CSTR_BUTTON","","Cockpit Preparation / Flight","MobiFlight HubHop export supplied in docs/events.txt","Documented preset","No"
"EFIS","INI320_EFIS_FD1_PUSH","(L:INI_FD1_ON, Bool) ! (>L:INI_FD1_ON)","LVar","L:INI_FD1_ON","L:INI_FD1_ON","Cockpit Preparation / Flight","MobiFlight HubHop export supplied in docs/events.txt","Documented preset","No"
"EFIS","INI320_EFIS_FD2_FO","(L:INI_FD2_ON, Bool) ! (>L:INI_FD2_ON)","LVar","L:INI_FD2_ON","L:INI_FD2_ON","Cockpit Preparation / Flight","MobiFlight HubHop export supplied in docs/events.txt","Documented preset","No"
"EFIS","INI320_EFIS_LS_CAPTAIN_PUSH","(L:INI_LS_CAPTAIN, Bool) ! (>L:INI_LS_CAPTAIN)","LVar","L:INI_LS_CAPTAIN","L:INI_LS_CAPTAIN","Cockpit Preparation / Flight","MobiFlight HubHop export supplied in docs/events.txt","Documented preset","No"
"EFIS","INI320_EFIS_LS_FO_PUSH","(L:INI_LS_FO, Bool) ! (>L:INI_LS_FO)","LVar","L:INI_LS_FO","L:INI_LS_FO","Cockpit Preparation / Flight","MobiFlight HubHop export supplied in docs/events.txt","Documented preset","No"
"EFIS","INI320_EFIS_MODE_CAPT_ARC","3 (>L:INI_MAP_MODE_CAPT_SWITCH)","LVar","L:INI_MAP_MODE_CAPT_SWITCH","","Cockpit Preparation / Flight","MobiFlight HubHop export supplied in docs/events.txt","Documented preset","No"
"EFIS","INI320_EFIS_MODE_CAPT_ILS","0 (>L:INI_MAP_MODE_CAPT_SWITCH)","LVar","L:INI_MAP_MODE_CAPT_SWITCH","","Cockpit Preparation / Flight","MobiFlight HubHop export supplied in docs/events.txt","Documented preset","No"
"EFIS","INI320_EFIS_MODE_CAPT_PLAN","4 (>L:INI_MAP_MODE_CAPT_SWITCH)","LVar","L:INI_MAP_MODE_CAPT_SWITCH","","Cockpit Preparation / Flight","MobiFlight HubHop export supplied in docs/events.txt","Documented preset","No"
"EFIS","INI320_EFIS_MODE_CAPT_VOR","1 (>L:INI_MAP_MODE_CAPT_SWITCH)","LVar","L:INI_MAP_MODE_CAPT_SWITCH","","Cockpit Preparation / Flight","MobiFlight HubHop export supplied in docs/events.txt","Documented preset","No"
"EFIS","INI320_EFIS_MODE_CPT_DEC","(L:INI_map_MODE_capt_switch) -- 0 max 5 min (>L:INI_map_MODE_capt_switch)","LVar","L:INI_map_MODE_capt_switch","L:INI_map_MODE_capt_switch","Cockpit Preparation / Flight","MobiFlight HubHop export supplied in docs/events.txt","Documented preset","No"
"EFIS","INI320_EFIS_MODE_CPT_INC","(L:INI_map_MODE_capt_switch) ++ 0 max 5 min (>L:INI_map_MODE_capt_switch)","LVar","L:INI_map_MODE_capt_switch","L:INI_map_MODE_capt_switch","Cockpit Preparation / Flight","MobiFlight HubHop export supplied in docs/events.txt","Documented preset","No"
"EFIS","INI320_EFIS_MODE_CPT_NAV","2 (>L:INI_MAP_MODE_CAPT_SWITCH)","LVar","L:INI_MAP_MODE_CAPT_SWITCH","","Cockpit Preparation / Flight","MobiFlight HubHop export supplied in docs/events.txt","Documented preset","No"
"EFIS","INI320_EFIS_NDB_CPT_BUTTON","1 (>L:INI_EFIS_CPT_NDB_BUTTON)","LVar","L:INI_EFIS_CPT_NDB_BUTTON","","Cockpit Preparation / Flight","MobiFlight HubHop export supplied in docs/events.txt","Documented preset","No"
"EFIS","INI320_EFIS_RANGE_CAPT_DEC","(L:INI_map_range_capt_switch) -- 0 max 5 min (>L:INI_map_range_capt_switch)","LVar","L:INI_map_range_capt_switch","L:INI_map_range_capt_switch","Cockpit Preparation / Flight","MobiFlight HubHop export supplied in docs/events.txt","Documented preset","No"
"EFIS","INI320_EFIS_RANGE_CAPT_INCR","(L:INI_map_range_capt_switch) ++ 0 max 5 min (>L:INI_map_range_capt_switch)","LVar","L:INI_map_range_capt_switch","L:INI_map_range_capt_switch","Cockpit Preparation / Flight","MobiFlight HubHop export supplied in docs/events.txt","Documented preset","No"
"EFIS","INI320_EFIS_VOR_CPT_BUTTON","1 (>L:INI_EFIS_CPT_VOR_BUTTON)","LVar","L:INI_EFIS_CPT_VOR_BUTTON","","Cockpit Preparation / Flight","MobiFlight HubHop export supplied in docs/events.txt","Documented preset","No"
"EFIS","INI320_EFIS_WPT_CPT_BUTTON","1 (>L:INI_EFIS_CPT_FIXES_BUTTON)","LVar","L:INI_EFIS_CPT_FIXES_BUTTON","","Cockpit Preparation / Flight","MobiFlight HubHop export supplied in docs/events.txt","Documented preset","No"
"Electrical","Battery_1_Off","0 (>L:INI_OVHD_ELEC_BAT_1_PB_IS_AUTO_SWITCH)","LVar","L:INI_OVHD_ELEC_BAT_1_PB_IS_AUTO_SWITCH","","Cockpit Preparation","MobiFlight HubHop export supplied in docs/events.txt","Documented preset","No"
"Electrical","Battery_1_On","1 (>L:INI_OVHD_ELEC_BAT_1_PB_IS_AUTO_SWITCH)","LVar","L:INI_OVHD_ELEC_BAT_1_PB_IS_AUTO_SWITCH","","Cockpit Preparation","MobiFlight HubHop export supplied in docs/events.txt","Documented preset","No"
"Electrical","Battery_1_Toggle","(L:INI_OVHD_ELEC_BAT_1_PB_IS_AUTO_SWITCH) ! (>L:INI_OVHD_ELEC_BAT_1_PB_IS_AUTO_SWITCH)","LVar","L:INI_OVHD_ELEC_BAT_1_PB_IS_AUTO_SWITCH","L:INI_OVHD_ELEC_BAT_1_PB_IS_AUTO_SWITCH","Cockpit Preparation","MobiFlight HubHop export supplied in docs/events.txt","Documented preset","No"
"Electrical","Battery_2_Off","0 (>L:INI_OVHD_ELEC_BAT_2_PB_IS_AUTO_SWITCH)","LVar","L:INI_OVHD_ELEC_BAT_2_PB_IS_AUTO_SWITCH","","Cockpit Preparation","MobiFlight HubHop export supplied in docs/events.txt","Documented preset","No"
"Electrical","Battery_2_On","1 (>L:INI_OVHD_ELEC_BAT_2_PB_IS_AUTO_SWITCH)","LVar","L:INI_OVHD_ELEC_BAT_2_PB_IS_AUTO_SWITCH","","Cockpit Preparation","MobiFlight HubHop export supplied in docs/events.txt","Documented preset","No"
"Electrical","Battery_2_Toggle","(L:INI_OVHD_ELEC_BAT_2_PB_IS_AUTO_SWITCH) ! (>L:INI_OVHD_ELEC_BAT_2_PB_IS_AUTO_SWITCH)","LVar","L:INI_OVHD_ELEC_BAT_2_PB_IS_AUTO_SWITCH","L:INI_OVHD_ELEC_BAT_2_PB_IS_AUTO_SWITCH","Cockpit Preparation","MobiFlight HubHop export supplied in docs/events.txt","Documented preset","No"
"Engine","ENG_MODE_KNOB_-_CRANK","0 (>L:INI_IGNITION_KNOB)","LVar","L:INI_IGNITION_KNOB","","Before Start / Engine Start","MobiFlight HubHop export supplied in docs/events.txt","Documented preset","No"
"Lights (exterior)","A320_Ovhd_Extlt_Strobe_Auto","1 (>L:INI_STROBE_LIGHT_SWITCH)","LVar","L:INI_STROBE_LIGHT_SWITCH","","Before Start / Engine Start","MobiFlight HubHop export supplied in docs/events.txt","Documented preset","No"
"Lights (exterior)","A320_Ovhd_Extlt_Strobe_Off","2 (>L:INI_STROBE_LIGHT_SWITCH)","LVar","L:INI_STROBE_LIGHT_SWITCH","","Before Start / Engine Start","MobiFlight HubHop export supplied in docs/events.txt","Documented preset","No"
"Lights (exterior)","A320_Ovhd_Extlt_Strobe_On","0 (>L:INI_STROBE_LIGHT_SWITCH)","LVar","L:INI_STROBE_LIGHT_SWITCH","","Before Start / Engine Start","MobiFlight HubHop export supplied in docs/events.txt","Documented preset","No"
"MCDU","Cpt_MCDU_0","1 (>L:INI_MCDU1_0)","LVar","L:INI_MCDU1_0","","Cockpit Preparation / Flight","MobiFlight HubHop export supplied in docs/events.txt","Documented preset","No"
"MCDU","Cpt_MCDU_1","1 (>L:INI_MCDU1_1)","LVar","L:INI_MCDU1_1","","Cockpit Preparation / Flight","MobiFlight HubHop export supplied in docs/events.txt","Documented preset","No"
"MCDU","Cpt_MCDU_2","1 (>L:INI_MCDU1_2)","LVar","L:INI_MCDU1_2","","Cockpit Preparation / Flight","MobiFlight HubHop export supplied in docs/events.txt","Documented preset","No"
"MCDU","Cpt_MCDU_3","1 (>L:INI_MCDU1_3)","LVar","L:INI_MCDU1_3","","Cockpit Preparation / Flight","MobiFlight HubHop export supplied in docs/events.txt","Documented preset","No"
"MCDU","Cpt_MCDU_4","1 (>L:INI_MCDU1_4)","LVar","L:INI_MCDU1_4","","Cockpit Preparation / Flight","MobiFlight HubHop export supplied in docs/events.txt","Documented preset","No"
"MCDU","Cpt_MCDU_5","1 (>L:INI_MCDU1_5)","LVar","L:INI_MCDU1_5","","Cockpit Preparation / Flight","MobiFlight HubHop export supplied in docs/events.txt","Documented preset","No"
"MCDU","Cpt_MCDU_6","1 (>L:INI_MCDU1_6)","LVar","L:INI_MCDU1_6","","Cockpit Preparation / Flight","MobiFlight HubHop export supplied in docs/events.txt","Documented preset","No"
"MCDU","Cpt_MCDU_7","1 (>L:INI_MCDU1_7)","LVar","L:INI_MCDU1_7","","Cockpit Preparation / Flight","MobiFlight HubHop export supplied in docs/events.txt","Documented preset","No"
"MCDU","Cpt_MCDU_8","1 (>L:INI_MCDU1_8)","LVar","L:INI_MCDU1_8","","Cockpit Preparation / Flight","MobiFlight HubHop export supplied in docs/events.txt","Documented preset","No"
"MCDU","Cpt_MCDU_9","1 (>L:INI_MCDU1_9)","LVar","L:INI_MCDU1_9","","Cockpit Preparation / Flight","MobiFlight HubHop export supplied in docs/events.txt","Documented preset","No"
"MCDU","Cpt_MCDU_A","1 (>L:INI_MCDU1_A)","LVar","L:INI_MCDU1_A","","Cockpit Preparation / Flight","MobiFlight HubHop export supplied in docs/events.txt","Documented preset","No"
"MCDU","Cpt_MCDU_AIRPROT","1 (>L:INI_MCDU1_AIRPROT)","LVar","L:INI_MCDU1_AIRPROT","","Cockpit Preparation / Flight","MobiFlight HubHop export supplied in docs/events.txt","Documented preset","No"
"MCDU","Cpt_MCDU_ATC","1 (>L:INI_MCDU1_ATC)","LVar","L:INI_MCDU1_ATC","","Cockpit Preparation / Flight","MobiFlight HubHop export supplied in docs/events.txt","Documented preset","No"
"MCDU","Cpt_MCDU_B","1 (>L:INI_MCDU1_B)","LVar","L:INI_MCDU1_B","","Cockpit Preparation / Flight","MobiFlight HubHop export supplied in docs/events.txt","Documented preset","No"
"MCDU","Cpt_MCDU_BRT","0 (>L:INI_MCDU1_BRT_SWITCH)","LVar","L:INI_MCDU1_BRT_SWITCH","","Cockpit Preparation / Flight","MobiFlight HubHop export supplied in docs/events.txt","Documented preset","No"
"MCDU","Cpt_MCDU_BRT_DIM_RELEASE","1 (>L:INI_MCDU1_BRT_SWITCH)","LVar","L:INI_MCDU1_BRT_SWITCH","","Cockpit Preparation / Flight","MobiFlight HubHop export supplied in docs/events.txt","Documented preset","No"
"MCDU","Cpt_MCDU_C","1 (>L:INI_MCDU1_C)","LVar","L:INI_MCDU1_C","","Cockpit Preparation / Flight","MobiFlight HubHop export supplied in docs/events.txt","Documented preset","No"
"MCDU","Cpt_MCDU_CLR","1 (>L:INI_MCDU1_CLR)","LVar","L:INI_MCDU1_CLR","","Cockpit Preparation / Flight","MobiFlight HubHop export supplied in docs/events.txt","Documented preset","No"
"MCDU","Cpt_MCDU_D","1 (>L:INI_MCDU1_D)","LVar","L:INI_MCDU1_D","","Cockpit Preparation / Flight","MobiFlight HubHop export supplied in docs/events.txt","Documented preset","No"
"MCDU","Cpt_MCDU_DATA","1 (>L:INI_MCDU1_DATA)","LVar","L:INI_MCDU1_DATA","","Cockpit Preparation / Flight","MobiFlight HubHop export supplied in docs/events.txt","Documented preset","No"
"MCDU","Cpt_MCDU_DECIMAL","1 (>L:INI_MCDU1_DECIMAL)","LVar","L:INI_MCDU1_DECIMAL","","Cockpit Preparation / Flight","MobiFlight HubHop export supplied in docs/events.txt","Documented preset","No"
"MCDU","Cpt_MCDU_DIM","2 (>L:INI_MCDU1_BRT_SWITCH)","LVar","L:INI_MCDU1_BRT_SWITCH","","Cockpit Preparation / Flight","MobiFlight HubHop export supplied in docs/events.txt","Documented preset","No"
"MCDU","Cpt_MCDU_DIR","1 (>L:INI_MCDU1_DIR)","LVar","L:INI_MCDU1_DIR","","Cockpit Preparation / Flight","MobiFlight HubHop export supplied in docs/events.txt","Documented preset","No"
"MCDU","Cpt_MCDU_DOWN","1 (>L:INI_MCDU1_DOWN)","LVar","L:INI_MCDU1_DOWN","","Cockpit Preparation / Flight","MobiFlight HubHop export supplied in docs/events.txt","Documented preset","No"
"MCDU","Cpt_MCDU_E","1 (>L:INI_MCDU1_E)","LVar","L:INI_MCDU1_E","","Cockpit Preparation / Flight","MobiFlight HubHop export supplied in docs/events.txt","Documented preset","No"
"MCDU","Cpt_MCDU_F","1 (>L:INI_MCDU1_F)","LVar","L:INI_MCDU1_F","","Cockpit Preparation / Flight","MobiFlight HubHop export supplied in docs/events.txt","Documented preset","No"
"MCDU","Cpt_MCDU_FPLAN","1 (>L:INI_MCDU1_FPLAN)","LVar","L:INI_MCDU1_FPLAN","","Cockpit Preparation / Flight","MobiFlight HubHop export supplied in docs/events.txt","Documented preset","No"
"MCDU","Cpt_MCDU_FUEL","1 (>L:INI_MCDU1_FUEL)","LVar","L:INI_MCDU1_FUEL","","Before Start / Engine Start","MobiFlight HubHop export supplied in docs/events.txt","Documented preset","No"
"MCDU","Cpt_MCDU_G","1 (>L:INI_MCDU1_G)","LVar","L:INI_MCDU1_G","","Cockpit Preparation / Flight","MobiFlight HubHop export supplied in docs/events.txt","Documented preset","No"
"MCDU","Cpt_MCDU_H","1 (>L:INI_MCDU1_H)","LVar","L:INI_MCDU1_H","","Cockpit Preparation / Flight","MobiFlight HubHop export supplied in docs/events.txt","Documented preset","No"
"MCDU","Cpt_MCDU_I","1 (>L:INI_MCDU1_I)","LVar","L:INI_MCDU1_I","","Cockpit Preparation / Flight","MobiFlight HubHop export supplied in docs/events.txt","Documented preset","No"
"MCDU","Cpt_MCDU_INIT","1 (>L:INI_MCDU1_INIT)","LVar","L:INI_MCDU1_INIT","","Cockpit Preparation / Flight","MobiFlight HubHop export supplied in docs/events.txt","Documented preset","No"
"MCDU","Cpt_MCDU_J","1 (>L:INI_MCDU1_J)","LVar","L:INI_MCDU1_J","","Cockpit Preparation / Flight","MobiFlight HubHop export supplied in docs/events.txt","Documented preset","No"
"MCDU","Cpt_MCDU_K","1 (>L:INI_MCDU1_K)","LVar","L:INI_MCDU1_K","","Cockpit Preparation / Flight","MobiFlight HubHop export supplied in docs/events.txt","Documented preset","No"
"MCDU","Cpt_MCDU_L","1 (>L:INI_MCDU1_L)","LVar","L:INI_MCDU1_L","","Cockpit Preparation / Flight","MobiFlight HubHop export supplied in docs/events.txt","Documented preset","No"
"MCDU","Cpt_MCDU_LSK1L","1 (>L:INI_MCDU1_LSK1L)","LVar","L:INI_MCDU1_LSK1L","","Cockpit Preparation / Flight","MobiFlight HubHop export supplied in docs/events.txt","Documented preset","No"
"MCDU","Cpt_MCDU_LSK1R","1 (>L:INI_MCDU1_LSK1R)","LVar","L:INI_MCDU1_LSK1R","","Cockpit Preparation / Flight","MobiFlight HubHop export supplied in docs/events.txt","Documented preset","No"
"MCDU","Cpt_MCDU_LSK2L","1 (>L:INI_MCDU1_LSK2L)","LVar","L:INI_MCDU1_LSK2L","","Cockpit Preparation / Flight","MobiFlight HubHop export supplied in docs/events.txt","Documented preset","No"
"MCDU","Cpt_MCDU_LSK2R","1 (>L:INI_MCDU1_LSK2R)","LVar","L:INI_MCDU1_LSK2R","","Cockpit Preparation / Flight","MobiFlight HubHop export supplied in docs/events.txt","Documented preset","No"
"MCDU","Cpt_MCDU_LSK3L","1 (>L:INI_MCDU1_LSK3L)","LVar","L:INI_MCDU1_LSK3L","","Cockpit Preparation / Flight","MobiFlight HubHop export supplied in docs/events.txt","Documented preset","No"
"MCDU","Cpt_MCDU_LSK3R","1 (>L:INI_MCDU1_LSK3R)","LVar","L:INI_MCDU1_LSK3R","","Cockpit Preparation / Flight","MobiFlight HubHop export supplied in docs/events.txt","Documented preset","No"
"MCDU","Cpt_MCDU_LSK4L","1 (>L:INI_MCDU1_LSK4L)","LVar","L:INI_MCDU1_LSK4L","","Cockpit Preparation / Flight","MobiFlight HubHop export supplied in docs/events.txt","Documented preset","No"
"MCDU","Cpt_MCDU_LSK4R","1 (>L:INI_MCDU1_LSK4R)","LVar","L:INI_MCDU1_LSK4R","","Cockpit Preparation / Flight","MobiFlight HubHop export supplied in docs/events.txt","Documented preset","No"
"MCDU","Cpt_MCDU_LSK5L","1 (>L:INI_MCDU1_LSK5L)","LVar","L:INI_MCDU1_LSK5L","","Cockpit Preparation / Flight","MobiFlight HubHop export supplied in docs/events.txt","Documented preset","No"
"MCDU","Cpt_MCDU_LSK5R","1 (>L:INI_MCDU1_LSK5R)","LVar","L:INI_MCDU1_LSK5R","","Cockpit Preparation / Flight","MobiFlight HubHop export supplied in docs/events.txt","Documented preset","No"
"MCDU","Cpt_MCDU_LSK6L","1 (>L:INI_MCDU1_LSK6L)","LVar","L:INI_MCDU1_LSK6L","","Cockpit Preparation / Flight","MobiFlight HubHop export supplied in docs/events.txt","Documented preset","No"
"MCDU","Cpt_MCDU_LSK6R","1 (>L:INI_MCDU1_LSK6R)","LVar","L:INI_MCDU1_LSK6R","","Cockpit Preparation / Flight","MobiFlight HubHop export supplied in docs/events.txt","Documented preset","No"
"MCDU","Cpt_MCDU_M","1 (>L:INI_MCDU1_M)","LVar","L:INI_MCDU1_M","","Cockpit Preparation / Flight","MobiFlight HubHop export supplied in docs/events.txt","Documented preset","No"
"MCDU","Cpt_MCDU_MENU","1 (>L:INI_MCDU1_MENU)","LVar","L:INI_MCDU1_MENU","","Cockpit Preparation / Flight","MobiFlight HubHop export supplied in docs/events.txt","Documented preset","No"
"MCDU","Cpt_MCDU_N","1 (>L:INI_MCDU1_N)","LVar","L:INI_MCDU1_N","","Cockpit Preparation / Flight","MobiFlight HubHop export supplied in docs/events.txt","Documented preset","No"
"MCDU","Cpt_MCDU_NEXT","1 (>L:INI_MCDU1_NEXT)","LVar","L:INI_MCDU1_NEXT","","Cockpit Preparation / Flight","MobiFlight HubHop export supplied in docs/events.txt","Documented preset","No"
"MCDU","Cpt_MCDU_O","1 (>L:INI_MCDU1_O)","LVar","L:INI_MCDU1_O","","Cockpit Preparation / Flight","MobiFlight HubHop export supplied in docs/events.txt","Documented preset","No"
"MCDU","Cpt_MCDU_OVERFLY","1 (>L:INI_MCDU1_OVERFLY)","LVar","L:INI_MCDU1_OVERFLY","","Cockpit Preparation / Flight","MobiFlight HubHop export supplied in docs/events.txt","Documented preset","No"
"MCDU","Cpt_MCDU_P","1 (>L:INI_MCDU1_P)","LVar","L:INI_MCDU1_P","","Cockpit Preparation / Flight","MobiFlight HubHop export supplied in docs/events.txt","Documented preset","No"
"MCDU","Cpt_MCDU_PERF","1 (>L:INI_MCDU1_PERF)","LVar","L:INI_MCDU1_PERF","","Cockpit Preparation / Flight","MobiFlight HubHop export supplied in docs/events.txt","Documented preset","No"
"MCDU","Cpt_MCDU_PLUS","1 (>L:INI_MCDU1_PLUS)","LVar","L:INI_MCDU1_PLUS","","Cockpit Preparation / Flight","MobiFlight HubHop export supplied in docs/events.txt","Documented preset","No"
"MCDU","Cpt_MCDU_PREV","1 (>L:INI_MCDU1_PREV)","LVar","L:INI_MCDU1_PREV","","Cockpit Preparation / Flight","MobiFlight HubHop export supplied in docs/events.txt","Documented preset","No"
"MCDU","Cpt_MCDU_PROG","1 (>L:INI_MCDU1_PROG)","LVar","L:INI_MCDU1_PROG","","Cockpit Preparation / Flight","MobiFlight HubHop export supplied in docs/events.txt","Documented preset","No"
"MCDU","Cpt_MCDU_Q","1 (>L:INI_MCDU1_Q)","LVar","L:INI_MCDU1_Q","","Cockpit Preparation / Flight","MobiFlight HubHop export supplied in docs/events.txt","Documented preset","No"
"MCDU","Cpt_MCDU_R","1 (>L:INI_MCDU1_R)","LVar","L:INI_MCDU1_R","","Cockpit Preparation / Flight","MobiFlight HubHop export supplied in docs/events.txt","Documented preset","No"
"MCDU","Cpt_MCDU_RADNAV","1 (>L:INI_MCDU1_RADNAV)","LVar","L:INI_MCDU1_RADNAV","","Cockpit Preparation / Flight","MobiFlight HubHop export supplied in docs/events.txt","Documented preset","No"
"MCDU","Cpt_MCDU_S","1 (>L:INI_MCDU1_S)","LVar","L:INI_MCDU1_S","","Cockpit Preparation / Flight","MobiFlight HubHop export supplied in docs/events.txt","Documented preset","No"
"MCDU","Cpt_MCDU_SEC","1 (>L:INI_MCDU1_SEC)","LVar","L:INI_MCDU1_SEC","","Cockpit Preparation / Flight","MobiFlight HubHop export supplied in docs/events.txt","Documented preset","No"
"MCDU","Cpt_MCDU_SLASH","1 (>L:INI_MCDU1_SLASH)","LVar","L:INI_MCDU1_SLASH","","Cockpit Preparation / Flight","MobiFlight HubHop export supplied in docs/events.txt","Documented preset","No"
"MCDU","Cpt_MCDU_SPACE","1 (>L:INI_MCDU1_SPACE)","LVar","L:INI_MCDU1_SPACE","","Cockpit Preparation / Flight","MobiFlight HubHop export supplied in docs/events.txt","Documented preset","No"
"MCDU","Cpt_MCDU_T","1 (>L:INI_MCDU1_T)","LVar","L:INI_MCDU1_T","","Cockpit Preparation / Flight","MobiFlight HubHop export supplied in docs/events.txt","Documented preset","No"
"MCDU","Cpt_MCDU_U","1 (>L:INI_MCDU1_U)","LVar","L:INI_MCDU1_U","","Cockpit Preparation / Flight","MobiFlight HubHop export supplied in docs/events.txt","Documented preset","No"
"MCDU","Cpt_MCDU_UARROW","1 (>L:INI_MCDU1_UARROW)","LVar","L:INI_MCDU1_UARROW","","Cockpit Preparation / Flight","MobiFlight HubHop export supplied in docs/events.txt","Documented preset","No"
"MCDU","Cpt_MCDU_V","1 (>L:INI_MCDU1_V)","LVar","L:INI_MCDU1_V","","Cockpit Preparation / Flight","MobiFlight HubHop export supplied in docs/events.txt","Documented preset","No"
"MCDU","Cpt_MCDU_W","1 (>L:INI_MCDU1_W)","LVar","L:INI_MCDU1_W","","Cockpit Preparation / Flight","MobiFlight HubHop export supplied in docs/events.txt","Documented preset","No"
"MCDU","Cpt_MCDU_X","1 (>L:INI_MCDU1_X)","LVar","L:INI_MCDU1_X","","Cockpit Preparation / Flight","MobiFlight HubHop export supplied in docs/events.txt","Documented preset","No"
"MCDU","Cpt_MCDU_Y","1 (>L:INI_MCDU1_Y)","LVar","L:INI_MCDU1_Y","","Cockpit Preparation / Flight","MobiFlight HubHop export supplied in docs/events.txt","Documented preset","No"
"MCDU","Cpt_MCDU_Z","1 (>L:INI_MCDU1_Z)","LVar","L:INI_MCDU1_Z","","Cockpit Preparation / Flight","MobiFlight HubHop export supplied in docs/events.txt","Documented preset","No"
"MCDU","Fo_MCDU_0","1 (>L:INI_MCDU2_0)","LVar","L:INI_MCDU2_0","","Cockpit Preparation / Flight","MobiFlight HubHop export supplied in docs/events.txt","Documented preset","No"
"MCDU","Fo_MCDU_1","1 (>L:INI_MCDU2_1)","LVar","L:INI_MCDU2_1","","Cockpit Preparation / Flight","MobiFlight HubHop export supplied in docs/events.txt","Documented preset","No"
"MCDU","Fo_MCDU_2","1 (>L:INI_MCDU2_2)","LVar","L:INI_MCDU2_2","","Cockpit Preparation / Flight","MobiFlight HubHop export supplied in docs/events.txt","Documented preset","No"
"MCDU","Fo_MCDU_3","1 (>L:INI_MCDU2_3)","LVar","L:INI_MCDU2_3","","Cockpit Preparation / Flight","MobiFlight HubHop export supplied in docs/events.txt","Documented preset","No"
"MCDU","Fo_MCDU_4","1 (>L:INI_MCDU2_4)","LVar","L:INI_MCDU2_4","","Cockpit Preparation / Flight","MobiFlight HubHop export supplied in docs/events.txt","Documented preset","No"
"MCDU","Fo_MCDU_5","1 (>L:INI_MCDU2_5)","LVar","L:INI_MCDU2_5","","Cockpit Preparation / Flight","MobiFlight HubHop export supplied in docs/events.txt","Documented preset","No"
"MCDU","Fo_MCDU_6","1 (>L:INI_MCDU2_6)","LVar","L:INI_MCDU2_6","","Cockpit Preparation / Flight","MobiFlight HubHop export supplied in docs/events.txt","Documented preset","No"
"MCDU","Fo_MCDU_7","1 (>L:INI_MCDU2_7)","LVar","L:INI_MCDU2_7","","Cockpit Preparation / Flight","MobiFlight HubHop export supplied in docs/events.txt","Documented preset","No"
"MCDU","Fo_MCDU_8","1 (>L:INI_MCDU2_8)","LVar","L:INI_MCDU2_8","","Cockpit Preparation / Flight","MobiFlight HubHop export supplied in docs/events.txt","Documented preset","No"
"MCDU","Fo_MCDU_9","1 (>L:INI_MCDU2_9)","LVar","L:INI_MCDU2_9","","Cockpit Preparation / Flight","MobiFlight HubHop export supplied in docs/events.txt","Documented preset","No"
"MCDU","Fo_MCDU_A","1 (>L:INI_MCDU2_A)","LVar","L:INI_MCDU2_A","","Cockpit Preparation / Flight","MobiFlight HubHop export supplied in docs/events.txt","Documented preset","No"
"MCDU","Fo_MCDU_AIRPROT","1 (>L:INI_MCDU2_AIRPROT)","LVar","L:INI_MCDU2_AIRPROT","","Cockpit Preparation / Flight","MobiFlight HubHop export supplied in docs/events.txt","Documented preset","No"
"MCDU","Fo_MCDU_ATC","1 (>L:INI_MCDU2_ATC)","LVar","L:INI_MCDU2_ATC","","Cockpit Preparation / Flight","MobiFlight HubHop export supplied in docs/events.txt","Documented preset","No"
"MCDU","Fo_MCDU_B","1 (>L:INI_MCDU2_B)","LVar","L:INI_MCDU2_B","","Cockpit Preparation / Flight","MobiFlight HubHop export supplied in docs/events.txt","Documented preset","No"
"MCDU","Fo_MCDU_BRT","0 (>L:INI_MCDU2_BRT_SWITCH)","LVar","L:INI_MCDU2_BRT_SWITCH","","Cockpit Preparation / Flight","MobiFlight HubHop export supplied in docs/events.txt","Documented preset","No"
"MCDU","Fo_MCDU_BRT_DIM_RELEASE","1 (>L:INI_MCDU2_BRT_SWITCH)","LVar","L:INI_MCDU2_BRT_SWITCH","","Cockpit Preparation / Flight","MobiFlight HubHop export supplied in docs/events.txt","Documented preset","No"
"MCDU","Fo_MCDU_C","1 (>L:INI_MCDU2_C)","LVar","L:INI_MCDU2_C","","Cockpit Preparation / Flight","MobiFlight HubHop export supplied in docs/events.txt","Documented preset","No"
"MCDU","Fo_MCDU_CLR","1 (>L:INI_MCDU2_CLR)","LVar","L:INI_MCDU2_CLR","","Cockpit Preparation / Flight","MobiFlight HubHop export supplied in docs/events.txt","Documented preset","No"
"MCDU","Fo_MCDU_D","1 (>L:INI_MCDU2_D)","LVar","L:INI_MCDU2_D","","Cockpit Preparation / Flight","MobiFlight HubHop export supplied in docs/events.txt","Documented preset","No"
"MCDU","Fo_MCDU_DATA","1 (>L:INI_MCDU2_DATA)","LVar","L:INI_MCDU2_DATA","","Cockpit Preparation / Flight","MobiFlight HubHop export supplied in docs/events.txt","Documented preset","No"
"MCDU","Fo_MCDU_DECIMAL","1 (>L:INI_MCDU2_DECIMAL)","LVar","L:INI_MCDU2_DECIMAL","","Cockpit Preparation / Flight","MobiFlight HubHop export supplied in docs/events.txt","Documented preset","No"
"MCDU","Fo_MCDU_DIM","2 (>L:INI_MCDU2_BRT_SWITCH)","LVar","L:INI_MCDU2_BRT_SWITCH","","Cockpit Preparation / Flight","MobiFlight HubHop export supplied in docs/events.txt","Documented preset","No"
"MCDU","Fo_MCDU_DIR","1 (>L:INI_MCDU2_DIR)","LVar","L:INI_MCDU2_DIR","","Cockpit Preparation / Flight","MobiFlight HubHop export supplied in docs/events.txt","Documented preset","No"
"MCDU","Fo_MCDU_DOWN","1 (>L:INI_MCDU2_DOWN)","LVar","L:INI_MCDU2_DOWN","","Cockpit Preparation / Flight","MobiFlight HubHop export supplied in docs/events.txt","Documented preset","No"
"MCDU","Fo_MCDU_E","1 (>L:INI_MCDU2_E)","LVar","L:INI_MCDU2_E","","Cockpit Preparation / Flight","MobiFlight HubHop export supplied in docs/events.txt","Documented preset","No"
"MCDU","Fo_MCDU_F","1 (>L:INI_MCDU2_F)","LVar","L:INI_MCDU2_F","","Cockpit Preparation / Flight","MobiFlight HubHop export supplied in docs/events.txt","Documented preset","No"
"MCDU","Fo_MCDU_FPLAN","1 (>L:INI_MCDU2_FPLAN)","LVar","L:INI_MCDU2_FPLAN","","Cockpit Preparation / Flight","MobiFlight HubHop export supplied in docs/events.txt","Documented preset","No"
"MCDU","Fo_MCDU_FUEL","1 (>L:INI_MCDU2_FUEL)","LVar","L:INI_MCDU2_FUEL","","Before Start / Engine Start","MobiFlight HubHop export supplied in docs/events.txt","Documented preset","No"
"MCDU","Fo_MCDU_G","1 (>L:INI_MCDU2_G)","LVar","L:INI_MCDU2_G","","Cockpit Preparation / Flight","MobiFlight HubHop export supplied in docs/events.txt","Documented preset","No"
"MCDU","Fo_MCDU_H","1 (>L:INI_MCDU2_H)","LVar","L:INI_MCDU2_H","","Cockpit Preparation / Flight","MobiFlight HubHop export supplied in docs/events.txt","Documented preset","No"
"MCDU","Fo_MCDU_I","1 (>L:INI_MCDU2_I)","LVar","L:INI_MCDU2_I","","Cockpit Preparation / Flight","MobiFlight HubHop export supplied in docs/events.txt","Documented preset","No"
"MCDU","Fo_MCDU_INIT","1 (>L:INI_MCDU2_INIT)","LVar","L:INI_MCDU2_INIT","","Cockpit Preparation / Flight","MobiFlight HubHop export supplied in docs/events.txt","Documented preset","No"
"MCDU","Fo_MCDU_J","1 (>L:INI_MCDU2_J)","LVar","L:INI_MCDU2_J","","Cockpit Preparation / Flight","MobiFlight HubHop export supplied in docs/events.txt","Documented preset","No"
"MCDU","Fo_MCDU_K","1 (>L:INI_MCDU2_K)","LVar","L:INI_MCDU2_K","","Cockpit Preparation / Flight","MobiFlight HubHop export supplied in docs/events.txt","Documented preset","No"
"MCDU","Fo_MCDU_L","1 (>L:INI_MCDU2_L)","LVar","L:INI_MCDU2_L","","Cockpit Preparation / Flight","MobiFlight HubHop export supplied in docs/events.txt","Documented preset","No"
"MCDU","Fo_MCDU_LSK1L","1 (>L:INI_MCDU2_LSK1L)","LVar","L:INI_MCDU2_LSK1L","","Cockpit Preparation / Flight","MobiFlight HubHop export supplied in docs/events.txt","Documented preset","No"
"MCDU","Fo_MCDU_LSK1R","1 (>L:INI_MCDU2_LSK1R)","LVar","L:INI_MCDU2_LSK1R","","Cockpit Preparation / Flight","MobiFlight HubHop export supplied in docs/events.txt","Documented preset","No"
"MCDU","Fo_MCDU_LSK2L","1 (>L:INI_MCDU2_LSK2L)","LVar","L:INI_MCDU2_LSK2L","","Cockpit Preparation / Flight","MobiFlight HubHop export supplied in docs/events.txt","Documented preset","No"
"MCDU","Fo_MCDU_LSK2R","1 (>L:INI_MCDU2_LSK2R)","LVar","L:INI_MCDU2_LSK2R","","Cockpit Preparation / Flight","MobiFlight HubHop export supplied in docs/events.txt","Documented preset","No"
"MCDU","Fo_MCDU_LSK3L","1 (>L:INI_MCDU2_LSK3L)","LVar","L:INI_MCDU2_LSK3L","","Cockpit Preparation / Flight","MobiFlight HubHop export supplied in docs/events.txt","Documented preset","No"
"MCDU","Fo_MCDU_LSK3R","1 (>L:INI_MCDU2_LSK3R)","LVar","L:INI_MCDU2_LSK3R","","Cockpit Preparation / Flight","MobiFlight HubHop export supplied in docs/events.txt","Documented preset","No"
"MCDU","Fo_MCDU_LSK4L","1 (>L:INI_MCDU2_LSK4L)","LVar","L:INI_MCDU2_LSK4L","","Cockpit Preparation / Flight","MobiFlight HubHop export supplied in docs/events.txt","Documented preset","No"
"MCDU","Fo_MCDU_LSK4R","1 (>L:INI_MCDU2_LSK4R)","LVar","L:INI_MCDU2_LSK4R","","Cockpit Preparation / Flight","MobiFlight HubHop export supplied in docs/events.txt","Documented preset","No"
"MCDU","Fo_MCDU_LSK5L","1 (>L:INI_MCDU2_LSK5L)","LVar","L:INI_MCDU2_LSK5L","","Cockpit Preparation / Flight","MobiFlight HubHop export supplied in docs/events.txt","Documented preset","No"
"MCDU","Fo_MCDU_LSK5R","1 (>L:INI_MCDU2_LSK5R)","LVar","L:INI_MCDU2_LSK5R","","Cockpit Preparation / Flight","MobiFlight HubHop export supplied in docs/events.txt","Documented preset","No"
"MCDU","Fo_MCDU_LSK6L","1 (>L:INI_MCDU2_LSK6L)","LVar","L:INI_MCDU2_LSK6L","","Cockpit Preparation / Flight","MobiFlight HubHop export supplied in docs/events.txt","Documented preset","No"
"MCDU","Fo_MCDU_LSK6R","1 (>L:INI_MCDU2_LSK6R)","LVar","L:INI_MCDU2_LSK6R","","Cockpit Preparation / Flight","MobiFlight HubHop export supplied in docs/events.txt","Documented preset","No"
"MCDU","Fo_MCDU_M","1 (>L:INI_MCDU2_M)","LVar","L:INI_MCDU2_M","","Cockpit Preparation / Flight","MobiFlight HubHop export supplied in docs/events.txt","Documented preset","No"
"MCDU","Fo_MCDU_MENU","1 (>L:INI_MCDU2_MENU)","LVar","L:INI_MCDU2_MENU","","Cockpit Preparation / Flight","MobiFlight HubHop export supplied in docs/events.txt","Documented preset","No"
"MCDU","Fo_MCDU_N","1 (>L:INI_MCDU2_N)","LVar","L:INI_MCDU2_N","","Cockpit Preparation / Flight","MobiFlight HubHop export supplied in docs/events.txt","Documented preset","No"
"MCDU","Fo_MCDU_NEXT","1 (>L:INI_MCDU2_NEXT)","LVar","L:INI_MCDU2_NEXT","","Cockpit Preparation / Flight","MobiFlight HubHop export supplied in docs/events.txt","Documented preset","No"
"MCDU","Fo_MCDU_O","1 (>L:INI_MCDU2_O)","LVar","L:INI_MCDU2_O","","Cockpit Preparation / Flight","MobiFlight HubHop export supplied in docs/events.txt","Documented preset","No"
"MCDU","Fo_MCDU_OVERFLY","1 (>L:INI_MCDU2_OVERFLY)","LVar","L:INI_MCDU2_OVERFLY","","Cockpit Preparation / Flight","MobiFlight HubHop export supplied in docs/events.txt","Documented preset","No"
"MCDU","Fo_MCDU_P","1 (>L:INI_MCDU2_P)","LVar","L:INI_MCDU2_P","","Cockpit Preparation / Flight","MobiFlight HubHop export supplied in docs/events.txt","Documented preset","No"
"MCDU","Fo_MCDU_PERF","1 (>L:INI_MCDU2_PERF)","LVar","L:INI_MCDU2_PERF","","Cockpit Preparation / Flight","MobiFlight HubHop export supplied in docs/events.txt","Documented preset","No"
"MCDU","Fo_MCDU_PLUS","1 (>L:INI_MCDU2_PLUS)","LVar","L:INI_MCDU2_PLUS","","Cockpit Preparation / Flight","MobiFlight HubHop export supplied in docs/events.txt","Documented preset","No"
"MCDU","Fo_MCDU_PREV","1 (>L:INI_MCDU2_PREV)","LVar","L:INI_MCDU2_PREV","","Cockpit Preparation / Flight","MobiFlight HubHop export supplied in docs/events.txt","Documented preset","No"
"MCDU","Fo_MCDU_PROG","1 (>L:INI_MCDU2_PROG)","LVar","L:INI_MCDU2_PROG","","Cockpit Preparation / Flight","MobiFlight HubHop export supplied in docs/events.txt","Documented preset","No"
"MCDU","Fo_MCDU_Q","1 (>L:INI_MCDU2_Q)","LVar","L:INI_MCDU2_Q","","Cockpit Preparation / Flight","MobiFlight HubHop export supplied in docs/events.txt","Documented preset","No"
"MCDU","Fo_MCDU_R","1 (>L:INI_MCDU2_R)","LVar","L:INI_MCDU2_R","","Cockpit Preparation / Flight","MobiFlight HubHop export supplied in docs/events.txt","Documented preset","No"
"MCDU","Fo_MCDU_RADNAV","1 (>L:INI_MCDU2_RADNAV)","LVar","L:INI_MCDU2_RADNAV","","Cockpit Preparation / Flight","MobiFlight HubHop export supplied in docs/events.txt","Documented preset","No"
"MCDU","Fo_MCDU_S","1 (>L:INI_MCDU2_S)","LVar","L:INI_MCDU2_S","","Cockpit Preparation / Flight","MobiFlight HubHop export supplied in docs/events.txt","Documented preset","No"
"MCDU","Fo_MCDU_SEC","1 (>L:INI_MCDU2_SEC)","LVar","L:INI_MCDU2_SEC","","Cockpit Preparation / Flight","MobiFlight HubHop export supplied in docs/events.txt","Documented preset","No"
"MCDU","Fo_MCDU_SLASH","1 (>L:INI_MCDU2_SLASH)","LVar","L:INI_MCDU2_SLASH","","Cockpit Preparation / Flight","MobiFlight HubHop export supplied in docs/events.txt","Documented preset","No"
"MCDU","Fo_MCDU_SPACE","1 (>L:INI_MCDU2_SPACE)","LVar","L:INI_MCDU2_SPACE","","Cockpit Preparation / Flight","MobiFlight HubHop export supplied in docs/events.txt","Documented preset","No"
"MCDU","Fo_MCDU_T","1 (>L:INI_MCDU2_T)","LVar","L:INI_MCDU2_T","","Cockpit Preparation / Flight","MobiFlight HubHop export supplied in docs/events.txt","Documented preset","No"
"MCDU","Fo_MCDU_U","1 (>L:INI_MCDU2_U)","LVar","L:INI_MCDU2_U","","Cockpit Preparation / Flight","MobiFlight HubHop export supplied in docs/events.txt","Documented preset","No"
"MCDU","Fo_MCDU_UARROW","1 (>L:INI_MCDU2_UARROW)","LVar","L:INI_MCDU2_UARROW","","Cockpit Preparation / Flight","MobiFlight HubHop export supplied in docs/events.txt","Documented preset","No"
"MCDU","Fo_MCDU_V","1 (>L:INI_MCDU2_V)","LVar","L:INI_MCDU2_V","","Cockpit Preparation / Flight","MobiFlight HubHop export supplied in docs/events.txt","Documented preset","No"
"MCDU","Fo_MCDU_W","1 (>L:INI_MCDU2_W)","LVar","L:INI_MCDU2_W","","Cockpit Preparation / Flight","MobiFlight HubHop export supplied in docs/events.txt","Documented preset","No"
"MCDU","Fo_MCDU_X","1 (>L:INI_MCDU2_X)","LVar","L:INI_MCDU2_X","","Cockpit Preparation / Flight","MobiFlight HubHop export supplied in docs/events.txt","Documented preset","No"
"MCDU","Fo_MCDU_Y","1 (>L:INI_MCDU2_Y)","LVar","L:INI_MCDU2_Y","","Cockpit Preparation / Flight","MobiFlight HubHop export supplied in docs/events.txt","Documented preset","No"
"MCDU","Fo_MCDU_Z","1 (>L:INI_MCDU2_Z)","LVar","L:INI_MCDU2_Z","","Cockpit Preparation / Flight","MobiFlight HubHop export supplied in docs/events.txt","Documented preset","No"
"MCDU","Cpt_MCDU_AIRPORT","1 (>L:INI_MCDU1_AIRPORT)","LVar","L:INI_MCDU1_AIRPORT","","Cockpit Preparation / Flight","MobiFlight HubHop export supplied in docs/events.txt","Documented preset","No"
"MCDU","Fo_MCDU_AIRPORT","1 (>L:INI_MCDU2_AIRPORT)","LVar","L:INI_MCDU2_AIRPORT","","Cockpit Preparation / Flight","MobiFlight HubHop export supplied in docs/events.txt","Documented preset","No"
"Warning","Master_Caution_reset_pressed","1 (>L:INI_MASTER_CAUTION_COMMAND)","LVar","L:INI_MASTER_CAUTION_COMMAND","","Other","MobiFlight HubHop export supplied in docs/events.txt","Documented preset","No"
"Warning","Master_warning_pressed","1 (>L:INI_MASTER_WARNING_COMMAND)","LVar","L:INI_MASTER_WARNING_COMMAND","","Other","MobiFlight HubHop export supplied in docs/events.txt","Documented preset","No"
